"name","url"
"bike_chattanooga_stations_v1","https://gocarta.s3.us-east-2.amazonaws.com/public/data/bike_chattanooga_stations/v1/data.parquet"
"bicycle_repair_stations_v1","https://gocarta.s3.us-east-2.amazonaws.com/public/data/bicycle_repair_stations/v1/data.parquet"
"clever_predictions_v1","https://gocarta.s3.us-east-2.amazonaws.com/public/data/clever_predictions/v1/data.parquet"
"clever_vehicle_locations_v1","https://gocarta.s3.us-east-2.amazonaws.com/public/data/clever_vehicle_locations/v1/data.parquet"
"gtfsrt_trip_updates_v1","https://gocarta.s3.us-east-2.amazonaws.com/public/data/gtfsrt_trip_updates/v1/data.parquet"
"gtfsrt_vehicle_positions_v1","https://gocarta.s3.us-east-2.amazonaws.com/public/data/gtfsrt_vehicle_positions/v1/data.parquet"
"hamilton_county_parcels_v1","https://gocarta.s3.us-east-2.amazonaws.com/public/data/hamilton_county_parcels/v1/data.parquet"
"ntd_monthly_ridership_v1","https://gocarta.s3.us-east-2.amazonaws.com/public/data/ntd_monthly_ridership/v1/data.parquet"
"scheduled_service_dates_v1","https://gocarta.s3.us-east-2.amazonaws.com/public/data/scheduled_service_dates/v1/data.parquet"
"scheduled_bus_trips_v1","https://gocarta.s3.us-east-2.amazonaws.com/public/data/scheduled_bus_trips/v1/data.parquet"
"scheduled_stop_times_v1","https://gocarta.s3.us-east-2.amazonaws.com/public/data/scheduled_stop_times/v1/data.parquet"
"simple_bus_routes","https://gocarta.s3.us-east-2.amazonaws.com/public/data/simple_bus_routes/v1/data.parquet"
"simple_bus_stops","https://gocarta.s3.us-east-2.amazonaws.com/public/data/simple_bus_stops/v1/data.parquet"
"tn_ng911_address_points","https://gocarta.s3.us-east-2.amazonaws.com/public/data/tn_ng911_address_points/v1/data.parquet"
